source,country,course,academic_score,budget,completed_followups,activity_count,converted
REFERRAL,UK,MSc Data Science,85,1800000,4,9,1
INSTAGRAM,UK,MSc Data Science,78,1500000,3,7,1
WEBSITE,Canada,MBA,72,1200000,2,5,1
FACEBOOK,UK,MBA,58,700000,0,2,0
DIRECT,Germany,MSc CS,88,1600000,5,10,1
INSTAGRAM,Canada,MBA,62,600000,1,3,0
WALKIN,UK,MBBS,81,2500000,4,8,1
GOOGLE,Germany,MSc CS,69,900000,2,4,0
REFERRAL,Canada,MBA,76,1400000,3,6,1
FACEBOOK,UK,MSc Data Science,55,500000,0,1,0
WEBSITE,Germany,MSc CS,80,1300000,4,8,1
DIRECT,Canada,MBA,64,800000,1,3,0
